epoch,test/success_rate,stats_o/mean,train/success_rate,test/mean_Q,stats_g/mean,test/episode,stats_o/std,stats_g/std,train/episode
1,0.004166666666666667,0.21071418,0.0016666666666666668,-54.34122,0.36848333,20.0,0.92246026,0.21350928,100.0
2,0.020833333333333332,0.21071656,0.0008333333333333334,-51.587757,0.3684837,40.0,0.9224716,0.21351425,200.0
3,0.020833333333333332,0.21071787,0.004166666666666667,-53.118977,0.36848435,60.0,0.9224741,0.21351747,300.0
4,0.020833333333333332,0.21071947,0.0016666666666666668,-51.710514,0.36848453,80.0,0.92247176,0.2135226,400.0
5,0.016666666666666666,0.2107213,0.0008333333333333334,-52.70308,0.36848512,100.0,0.9224675,0.2135274,500.0
6,0.012500000000000002,0.21072324,0.0016666666666666668,-54.281338,0.36848602,120.0,0.92246294,0.2135336,600.0
7,0.02916666666666667,0.21072476,0.0033333333333333335,-54.515198,0.3684876,140.0,0.92245764,0.21354027,700.0
8,0.041666666666666664,0.2107264,0.004166666666666667,-52.659515,0.3684883,160.0,0.9224517,0.2135456,800.0
9,0.020833333333333332,0.21072797,0.0008333333333333334,-53.97722,0.3684894,180.0,0.922445,0.21355005,900.0
10,0.029166666666666664,0.21072866,0.005,-52.121014,0.3684903,200.0,0.9224372,0.21355708,1000.0
11,0.024999999999999998,0.21072955,0.004166666666666667,-51.92358,0.3684915,220.0,0.9224313,0.21356384,1100.0
12,0.016666666666666666,0.2107306,0.0033333333333333335,-55.96639,0.3684918,240.0,0.92242414,0.21356964,1200.0
13,0.004166666666666667,0.21073155,0.0025,-52.389812,0.36849222,260.0,0.92241716,0.2135772,1300.0
14,0.024999999999999998,0.2107317,0.0033333333333333335,-52.311874,0.36849305,280.0,0.9224108,0.21358432,1400.0
15,0.020833333333333332,0.21073182,0.0025,-51.29518,0.3684938,300.0,0.9224035,0.2135909,1500.0
16,0.004166666666666667,0.21073216,0.0025,-51.81749,0.36849412,320.0,0.92239714,0.21359716,1600.0
17,0.004166666666666667,0.21073253,0.0025,-53.544643,0.36849394,340.0,0.92239267,0.21360387,1700.0
18,0.020833333333333332,0.21073313,0.0008333333333333334,-53.06573,0.36849412,360.0,0.92238826,0.21361251,1800.0
19,0.020833333333333332,0.21073413,0.0033333333333333335,-53.66164,0.36849388,380.0,0.92238504,0.21361937,1900.0
20,0.02916666666666667,0.21073359,0.0025,-52.66654,0.36849388,400.0,0.92238206,0.21362817,2000.0
21,0.020833333333333332,0.21073397,0.0016666666666666668,-51.193207,0.3684943,420.0,0.92238086,0.21363594,2100.0
22,0.016666666666666666,0.21073557,0.0016666666666666668,-52.23755,0.36849537,440.0,0.9223798,0.21364354,2200.0
23,0.008333333333333333,0.21073692,0.0016666666666666668,-51.939342,0.3684957,460.0,0.9223793,0.21365164,2300.0
24,0.008333333333333333,0.21073775,0.004166666666666667,-51.57877,0.36849633,480.0,0.92237884,0.21366154,2400.0
25,0.016666666666666666,0.21073842,0.0008333333333333334,-50.849243,0.3684961,500.0,0.922378,0.21367033,2500.0
26,0.020833333333333332,0.21073906,0.0,-47.8008,0.36849645,520.0,0.92237633,0.21367748,2600.0
27,0.012500000000000002,0.21073936,0.0008333333333333334,-52.779568,0.36849666,540.0,0.9223755,0.21368428,2700.0
28,0.016666666666666666,0.21073945,0.0008333333333333334,-51.29823,0.3684956,560.0,0.922373,0.21369193,2800.0
29,0.012500000000000002,0.2107399,0.0033333333333333335,-50.675964,0.36849537,580.0,0.9223702,0.2137006,2900.0
30,0.016666666666666666,0.21073978,0.0025,-47.505566,0.36849496,600.0,0.9223682,0.21370824,3000.0
31,0.024999999999999998,0.21073972,0.0016666666666666668,-47.265797,0.36849478,620.0,0.92236567,0.21371545,3100.0
32,0.016666666666666666,0.21073979,0.0025,-47.67799,0.36849597,640.0,0.9223631,0.21372278,3200.0
33,0.03333333333333333,0.21074034,0.0025,-46.904766,0.36849573,660.0,0.9223606,0.21373262,3300.0
34,0.025000000000000005,0.21073933,0.0008333333333333334,-48.413483,0.3684958,680.0,0.92236066,0.21374173,3400.0
35,0.016666666666666666,0.21073751,0.0025,-46.840206,0.36849555,700.0,0.9223612,0.21375032,3500.0
36,0.004166666666666667,0.21073604,0.0016666666666666668,-46.33019,0.36849478,720.0,0.92236376,0.21375959,3600.0
37,0.025000000000000005,0.21073556,0.0016666666666666668,-46.888912,0.36849466,740.0,0.92236376,0.21376963,3700.0
38,0.025000000000000005,0.21073402,0.0008333333333333334,-44.12972,0.36849424,760.0,0.9223643,0.21377973,3800.0
39,0.008333333333333333,0.21073203,0.0033333333333333335,-47.390762,0.36849347,780.0,0.9223644,0.21379061,3900.0
40,0.012500000000000002,0.2107309,0.0025,-46.543056,0.36849263,800.0,0.92236334,0.21379964,4000.0
41,0.008333333333333333,0.21073,0.0016666666666666668,-46.25871,0.36849156,820.0,0.92236084,0.21380977,4100.0
42,0.008333333333333333,0.2107293,0.0033333333333333335,-44.935535,0.3684914,840.0,0.9223587,0.21381985,4200.0
43,0.016666666666666666,0.21072759,0.0016666666666666668,-45.389816,0.3684906,860.0,0.9223549,0.21383135,4300.0
44,0.012500000000000002,0.21072622,0.0008333333333333334,-45.63872,0.3684903,880.0,0.92234915,0.21384247,4400.0
45,0.02916666666666667,0.21072519,0.0016666666666666668,-45.740845,0.36849132,900.0,0.9223437,0.21384974,4500.0
46,0.02916666666666667,0.21072495,0.0025,-46.677708,0.36849132,920.0,0.92233855,0.21385808,4600.0
47,0.008333333333333333,0.21072452,0.0,-47.3154,0.36849213,940.0,0.92233276,0.21386687,4700.0
48,0.008333333333333333,0.21072483,0.0033333333333333335,-48.59315,0.36849275,960.0,0.92232734,0.21387376,4800.0
49,0.012500000000000002,0.21072535,0.0008333333333333334,-47.212738,0.36849388,980.0,0.9223221,0.2138804,4900.0
50,0.012500000000000002,0.21072562,0.0016666666666666668,-47.447033,0.3684955,1000.0,0.9223183,0.21388765,5000.0
51,0.008333333333333333,0.21072604,0.0,-47.839336,0.3684965,1020.0,0.9223113,0.21389492,5100.0
52,0.008333333333333333,0.21072632,0.0008333333333333334,-46.610184,0.3684977,1040.0,0.9223048,0.21390198,5200.0
53,0.016666666666666666,0.21072717,0.0016666666666666668,-48.02068,0.36850032,1060.0,0.92229843,0.21391015,5300.0
54,0.025000000000000005,0.21072759,0.0016666666666666668,-48.255962,0.3685019,1080.0,0.9222916,0.21391742,5400.0
55,0.0375,0.21072781,0.0,-48.106934,0.36850467,1100.0,0.9222835,0.21392278,5500.0
56,0.008333333333333333,0.21072794,0.0025,-49.428802,0.36850724,1120.0,0.92227554,0.21393071,5600.0
57,0.025000000000000005,0.21072905,0.0025,-48.071777,0.36850986,1140.0,0.9222665,0.21393813,5700.0
58,0.012500000000000002,0.21072997,0.0008333333333333334,-50.84352,0.36851254,1160.0,0.9222576,0.21394418,5800.0
59,0.02916666666666667,0.21073158,0.004166666666666667,-46.57298,0.3685157,1180.0,0.9222479,0.21395087,5900.0
60,0.012500000000000002,0.21073274,0.0025,-50.868057,0.36851892,1200.0,0.9222377,0.21395822,6000.0
61,0.020833333333333332,0.21073417,0.0016666666666666668,-49.506927,0.3685228,1220.0,0.9222272,0.21396494,6100.0
62,0.016666666666666666,0.2107348,0.005,-51.21477,0.36852524,1240.0,0.92221594,0.2139724,6200.0
63,0.016666666666666666,0.21073562,0.0025,-51.912006,0.36852768,1260.0,0.92220426,0.21397938,6300.0
64,0.012500000000000002,0.21073632,0.004166666666666667,-50.787006,0.3685306,1280.0,0.92219144,0.21398504,6400.0
65,0.012500000000000002,0.21073727,0.004166666666666667,-53.61734,0.36853346,1300.0,0.92217845,0.2139916,6500.0
66,0.020833333333333332,0.21073858,0.0008333333333333334,-51.70818,0.36853608,1320.0,0.9221634,0.21399869,6600.0
67,0.008333333333333333,0.21073972,0.0008333333333333334,-53.38265,0.36853918,1340.0,0.92214936,0.21400328,6700.0
68,0.008333333333333333,0.21074097,0.0016666666666666668,-54.255646,0.36854318,1360.0,0.9221356,0.21400778,6800.0
69,0.016666666666666666,0.21074174,0.0016666666666666668,-52.928898,0.3685464,1380.0,0.92212224,0.2140124,6900.0
70,0.004166666666666667,0.21074261,0.0025,-54.477936,0.36854848,1400.0,0.92210793,0.21401845,7000.0
71,0.016666666666666666,0.21074323,0.0025,-53.44875,0.36855102,1420.0,0.9220936,0.21402432,7100.0
72,0.008333333333333333,0.2107442,0.0,-55.83253,0.3685542,1440.0,0.9220786,0.21402805,7200.0
73,0.008333333333333333,0.21074526,0.0025,-54.890774,0.3685576,1460.0,0.9220633,0.2140321,7300.0
74,0.012500000000000002,0.21074621,0.0033333333333333335,-56.235508,0.36856052,1480.0,0.9220479,0.21403845,7400.0
75,0.0375,0.21074712,0.0,-55.532593,0.36856318,1500.0,0.9220329,0.214043,7500.0
76,0.008333333333333333,0.21074764,0.0016666666666666668,-55.517242,0.36856517,1520.0,0.9220187,0.21404947,7600.0
77,0.020833333333333332,0.2107485,0.005,-55.16051,0.3685679,1540.0,0.9220038,0.21405323,7700.0
78,0.008333333333333333,0.21074896,0.0008333333333333334,-56.954544,0.36857018,1560.0,0.9219894,0.21405797,7800.0
79,0.025000000000000005,0.21074931,0.0008333333333333334,-55.915974,0.36857244,1580.0,0.92197424,0.21406163,7900.0
80,0.0,0.21075036,0.0016666666666666668,-60.052387,0.36857417,1600.0,0.9219596,0.21406619,8000.0
81,0.008333333333333333,0.21075112,0.0016666666666666668,-58.34038,0.3685765,1620.0,0.9219453,0.21407063,8100.0
82,0.012500000000000002,0.21075177,0.0033333333333333335,-57.305435,0.36857915,1640.0,0.9219306,0.21407442,8200.0
83,0.03333333333333333,0.21075298,0.0008333333333333334,-57.077274,0.368582,1660.0,0.92191666,0.21407999,8300.0
84,0.004166666666666667,0.21075289,0.0016666666666666668,-58.890995,0.3685856,1680.0,0.9219025,0.21408606,8400.0
85,0.012500000000000002,0.21075375,0.0025,-58.095463,0.36858812,1700.0,0.92188805,0.21408887,8500.0
86,0.012500000000000002,0.21075378,0.0016666666666666668,-58.342426,0.36858997,1720.0,0.92187446,0.2140932,8600.0
87,0.008333333333333333,0.21075411,0.0016666666666666668,-58.05298,0.3685926,1740.0,0.9218609,0.2140991,8700.0
88,0.0,0.2107545,0.0016666666666666668,-61.72176,0.36859557,1760.0,0.9218481,0.21410322,8800.0
89,0.016666666666666666,0.21075518,0.0016666666666666668,-59.693104,0.36859736,1780.0,0.92183524,0.21411054,8900.0
90,0.016666666666666666,0.21075521,0.0025,-59.175556,0.36859956,1800.0,0.92182255,0.21411668,9000.0
91,0.025000000000000005,0.21075563,0.0008333333333333334,-59.870655,0.36860093,1820.0,0.92181,0.21412243,9100.0
92,0.016666666666666666,0.21075584,0.0008333333333333334,-59.460857,0.36860391,1840.0,0.921797,0.21412961,9200.0
93,0.008333333333333333,0.21075547,0.0033333333333333335,-60.537094,0.368606,1860.0,0.921784,0.2141354,9300.0
94,0.016666666666666666,0.21075559,0.0008333333333333334,-61.343273,0.36860833,1880.0,0.9217699,0.21414049,9400.0
95,0.004166666666666667,0.21075584,0.0016666666666666668,-59.76906,0.3686099,1900.0,0.92175716,0.2141475,9500.0
96,0.012500000000000002,0.21075632,0.0008333333333333334,-58.625538,0.3686119,1920.0,0.92174274,0.2141534,9600.0
97,0.016666666666666666,0.21075703,0.0008333333333333334,-60.524826,0.36861372,1940.0,0.9217294,0.2141571,9700.0
98,0.025000000000000005,0.21075775,0.0008333333333333334,-60.6013,0.3686153,1960.0,0.9217171,0.21416314,9800.0
99,0.008333333333333333,0.21075897,0.0,-61.76242,0.36861703,1980.0,0.92170477,0.21416698,9900.0
100,0.004166666666666667,0.21075968,0.0,-59.69219,0.36862016,2000.0,0.9216917,0.2141707,10000.0
101,0.016666666666666666,0.21076103,0.0008333333333333334,-60.896923,0.36862323,2020.0,0.9216792,0.21417512,10100.0
102,0.004166666666666667,0.21076202,0.0008333333333333334,-60.898212,0.36862555,2040.0,0.9216654,0.21418132,10200.0
103,0.016666666666666666,0.21076305,0.0033333333333333335,-60.700592,0.36862937,2060.0,0.921652,0.21418767,10300.0
104,0.012500000000000002,0.21076351,0.0025,-60.378113,0.36863175,2080.0,0.9216401,0.21419494,10400.0
105,0.020833333333333332,0.21076417,0.0033333333333333335,-60.427444,0.3686346,2100.0,0.921627,0.2142006,10500.0
106,0.016666666666666666,0.21076496,0.0008333333333333334,-60.10356,0.36863545,2120.0,0.92161304,0.2142067,10600.0
107,0.016666666666666666,0.21076612,0.0016666666666666668,-61.686886,0.368637,2140.0,0.9215989,0.2142141,10700.0
108,0.02916666666666667,0.21076615,0.0008333333333333334,-62.068787,0.3686389,2160.0,0.9215854,0.21421777,10800.0
109,0.004166666666666667,0.2107666,0.0016666666666666668,-61.475292,0.36864042,2180.0,0.921571,0.21422283,10900.0
110,0.012500000000000002,0.21076714,0.0,-60.47745,0.36864242,2200.0,0.9215558,0.2142245,11000.0
111,0.012500000000000002,0.21076782,0.0,-64.620415,0.3686441,2220.0,0.9215414,0.21422577,11100.0
112,0.008333333333333333,0.21076863,0.0033333333333333335,-60.43532,0.36864614,2240.0,0.92152756,0.2142298,11200.0
113,0.025000000000000005,0.21076967,0.0,-63.331966,0.36864778,2260.0,0.9215138,0.21423554,11300.0
114,0.0,0.21077049,0.0033333333333333335,-63.386353,0.36864898,2280.0,0.92149955,0.21423905,11400.0
115,0.012500000000000002,0.2107706,0.0008333333333333334,-61.117878,0.36864993,2300.0,0.9214862,0.21424644,11500.0
116,0.008333333333333333,0.21077132,0.004166666666666667,-63.136612,0.36865196,2320.0,0.9214732,0.21424915,11600.0
117,0.008333333333333333,0.21077146,0.0008333333333333334,-62.780003,0.36865363,2340.0,0.92145914,0.21425162,11700.0
118,0.008333333333333333,0.21077143,0.0008333333333333334,-62.305866,0.36865482,2360.0,0.92144704,0.21425474,11800.0
119,0.012500000000000002,0.21077083,0.0025,-63.251865,0.36865553,2380.0,0.9214347,0.21426187,11900.0
120,0.016666666666666666,0.21077174,0.0008333333333333334,-64.07257,0.3686575,2400.0,0.92142224,0.21426414,12000.0
121,0.004166666666666667,0.21077229,0.0008333333333333334,-62.47311,0.36865887,2420.0,0.9214104,0.21426845,12100.0
122,0.016666666666666666,0.21077304,0.0025,-61.38934,0.36865982,2440.0,0.9213994,0.21427608,12200.0
123,0.008333333333333333,0.21077305,0.0016666666666666668,-65.183235,0.36865935,2460.0,0.9213889,0.21428494,12300.0
124,0.004166666666666667,0.21077354,0.0,-63.336437,0.3686603,2480.0,0.921379,0.2142938,12400.0
125,0.012500000000000002,0.2107747,0.0,-63.255177,0.36866185,2500.0,0.9213691,0.214303,12500.0
126,0.008333333333333333,0.21077543,0.0008333333333333334,-62.06795,0.36866435,2520.0,0.9213596,0.21431293,12600.0
127,0.004166666666666667,0.21077533,0.0,-63.7086,0.36866543,2540.0,0.9213522,0.21432416,12700.0
128,0.008333333333333333,0.21077548,0.0008333333333333334,-64.99981,0.36866832,2560.0,0.9213441,0.21433415,12800.0
129,0.004166666666666667,0.21077509,0.0008333333333333334,-62.789417,0.36867037,2580.0,0.92133635,0.21434332,12900.0
130,0.012500000000000002,0.21077508,0.0008333333333333334,-60.28496,0.36867198,2600.0,0.92133,0.21435489,13000.0
131,0.016666666666666666,0.21077497,0.0008333333333333334,-62.51996,0.3686743,2620.0,0.92132276,0.21436417,13100.0
132,0.008333333333333333,0.21077518,0.0008333333333333334,-61.133564,0.36867592,2640.0,0.9213148,0.21437366,13200.0
133,0.024999999999999998,0.21077414,0.0025,-60.71788,0.3686762,2660.0,0.9213066,0.21438567,13300.0
134,0.008333333333333333,0.21077399,0.0008333333333333334,-61.187836,0.36867628,2680.0,0.92129976,0.21439703,13400.0
135,0.020833333333333332,0.21077369,0.0008333333333333334,-60.140255,0.3686768,2700.0,0.9212916,0.21440871,13500.0
136,0.008333333333333333,0.21077271,0.0,-60.837097,0.36867675,2720.0,0.9212844,0.2144192,13600.0
137,0.012500000000000002,0.21077152,0.0,-60.248493,0.36867762,2740.0,0.92127675,0.21442898,13700.0
138,0.008333333333333333,0.21077149,0.0025,-62.51235,0.36867777,2760.0,0.9212699,0.21443848,13800.0
139,0.016666666666666666,0.2107714,0.0033333333333333335,-58.243282,0.36867967,2780.0,0.92126185,0.2144485,13900.0
140,0.008333333333333333,0.2107711,0.0,-58.998688,0.3686812,2800.0,0.9212527,0.2144564,14000.0
141,0.016666666666666666,0.2107703,0.0033333333333333335,-60.07489,0.36868286,2820.0,0.92124486,0.21446498,14100.0
142,0.02916666666666667,0.21077017,0.0008333333333333334,-59.16624,0.36868438,2840.0,0.9212367,0.21447241,14200.0
143,0.03333333333333333,0.2107703,0.0016666666666666668,-60.142822,0.36868635,2860.0,0.92122775,0.21448123,14300.0
144,0.0375,0.21077113,0.0016666666666666668,-57.78902,0.36868826,2880.0,0.9212179,0.21448846,14400.0
145,0.0,0.21077038,0.005,-60.531254,0.36868978,2900.0,0.9212082,0.2144974,14500.0
146,0.016666666666666666,0.21077009,0.0016666666666666668,-58.76062,0.36869183,2920.0,0.9211989,0.21450533,14600.0
147,0.020833333333333332,0.21077062,0.0008333333333333334,-58.629345,0.36869374,2940.0,0.92118937,0.21451075,14700.0
148,0.004166666666666667,0.21077083,0.0,-60.053425,0.36869434,2960.0,0.9211786,0.21451576,14800.0
149,0.016666666666666666,0.21077092,0.0033333333333333335,-59.078762,0.36869696,2980.0,0.9211692,0.21452217,14900.0
150,0.012500000000000002,0.21077152,0.0016666666666666668,-59.884277,0.3686994,3000.0,0.92115945,0.21452744,15000.0
151,0.020833333333333332,0.21077149,0.0025,-57.848114,0.36870137,3020.0,0.92114896,0.21453226,15100.0
152,0.016666666666666666,0.21077217,0.0008333333333333334,-58.33608,0.36870387,3040.0,0.92113966,0.2145363,15200.0
153,0.016666666666666666,0.21077211,0.0,-60.825806,0.36870596,3060.0,0.92112994,0.21454002,15300.0
154,0.012500000000000002,0.21077211,0.0016666666666666668,-59.46722,0.36870852,3080.0,0.92112064,0.21454568,15400.0
155,0.008333333333333333,0.21077196,0.0025,-59.594646,0.36870942,3100.0,0.92111176,0.21455221,15500.0
156,0.0,0.21077104,0.0016666666666666668,-60.12061,0.36871,3120.0,0.9211033,0.21455872,15600.0
157,0.008333333333333333,0.21077068,0.0008333333333333334,-59.176243,0.3687106,3140.0,0.92109555,0.21456535,15700.0
158,0.012499999999999999,0.21077067,0.0016666666666666668,-59.73927,0.36871138,3160.0,0.9210873,0.21457334,15800.0
159,0.020833333333333332,0.21077053,0.0016666666666666668,-57.055817,0.36871162,3180.0,0.9210803,0.21458031,15900.0
160,0.016666666666666666,0.21077062,0.0016666666666666668,-59.180264,0.36871204,3200.0,0.92107326,0.21458681,16000.0
161,0.008333333333333333,0.21077143,0.0016666666666666668,-58.78922,0.36871168,3220.0,0.9210661,0.21459536,16100.0
162,0.016666666666666666,0.21077234,0.0008333333333333334,-58.210064,0.36871216,3240.0,0.9210585,0.21460183,16200.0
163,0.008333333333333333,0.21077377,0.0025,-59.56029,0.3687125,3260.0,0.92105144,0.21460962,16300.0
164,0.008333333333333333,0.21077366,0.0016666666666666668,-58.304356,0.3687128,3280.0,0.9210439,0.21461725,16400.0
165,0.012500000000000002,0.21077411,0.0033333333333333335,-59.54747,0.3687129,3300.0,0.9210353,0.2146246,16500.0
166,0.008333333333333333,0.21077423,0.004166666666666667,-57.976765,0.3687136,3320.0,0.92102724,0.21462949,16600.0
167,0.012500000000000002,0.21077502,0.0,-59.75995,0.36871365,3340.0,0.92101926,0.21463434,16700.0
168,0.025000000000000005,0.21077502,0.0,-58.57301,0.36871335,3360.0,0.92100936,0.21464099,16800.0
169,0.024999999999999998,0.2107759,0.0033333333333333335,-58.19546,0.36871335,3380.0,0.92099863,0.21464531,16900.0
170,0.004166666666666667,0.21077637,0.0016666666666666668,-56.84373,0.36871466,3400.0,0.9209872,0.214649,17000.0
171,0.03333333333333333,0.21077631,0.0025,-58.539783,0.36871502,3420.0,0.92097527,0.2146538,17100.0
172,0.012500000000000002,0.21077603,0.0025,-58.53348,0.36871552,3440.0,0.9209636,0.21465881,17200.0
173,0.012500000000000002,0.21077602,0.0,-59.10855,0.36871687,3460.0,0.920952,0.2146637,17300.0
174,0.012500000000000002,0.21077569,0.0025,-58.424267,0.36871818,3480.0,0.9209392,0.21466719,17400.0
175,0.012500000000000002,0.21077506,0.0033333333333333335,-57.867107,0.3687195,3500.0,0.92092603,0.21467151,17500.0
176,0.012500000000000002,0.2107742,0.0,-60.105057,0.36871925,3520.0,0.920914,0.21467678,17600.0
177,0.012500000000000002,0.21077354,0.0025,-58.366314,0.3687205,3540.0,0.92090243,0.21468079,17700.0
178,0.004166666666666667,0.21077369,0.004166666666666667,-58.74596,0.36872077,3560.0,0.9208893,0.21468759,17800.0
179,0.02916666666666667,0.21077418,0.0016666666666666668,-58.209423,0.3687211,3580.0,0.9208781,0.21469314,17900.0
180,0.008333333333333333,0.21077372,0.004166666666666667,-58.36452,0.36872172,3600.0,0.92086697,0.21469681,18000.0
181,0.012500000000000002,0.21077412,0.0,-59.16933,0.36872223,3620.0,0.92085654,0.21470077,18100.0
182,0.016666666666666666,0.21077293,0.0008333333333333334,-58.79259,0.36872348,3640.0,0.92084557,0.21470745,18200.0
183,0.020833333333333332,0.21077205,0.0008333333333333334,-58.829144,0.36872402,3660.0,0.92083406,0.21471338,18300.0
184,0.012500000000000002,0.21077113,0.0016666666666666668,-58.567646,0.36872545,3680.0,0.920825,0.21471882,18400.0
185,0.020833333333333332,0.21077059,0.0008333333333333334,-58.18115,0.3687264,3700.0,0.9208142,0.21472216,18500.0
186,0.008333333333333333,0.21076979,0.0016666666666666668,-60.123608,0.36872768,3720.0,0.9208037,0.2147292,18600.0
187,0.016666666666666666,0.21076925,0.0033333333333333335,-61.275562,0.3687284,3740.0,0.92079276,0.2147351,18700.0
188,0.016666666666666666,0.21076886,0.0,-60.1657,0.36873052,3760.0,0.92078334,0.21474026,18800.0
189,0.016666666666666666,0.21076824,0.0025,-59.56158,0.36873183,3780.0,0.92077273,0.21474533,18900.0
190,0.012500000000000002,0.21076705,0.0008333333333333334,-61.427734,0.3687342,3800.0,0.9207614,0.21474968,19000.0
191,0.020833333333333332,0.21076663,0.0016666666666666668,-59.31099,0.3687354,3820.0,0.9207508,0.21475567,19100.0
192,0.024999999999999998,0.21076556,0.0016666666666666668,-60.79863,0.36873674,3840.0,0.92073864,0.21476151,19200.0
193,0.020833333333333332,0.21076424,0.0025,-60.803005,0.36873832,3860.0,0.920728,0.21476448,19300.0
194,0.012500000000000002,0.2107635,0.004166666666666667,-58.638306,0.36874035,3880.0,0.92071754,0.2147669,19400.0
195,0.020833333333333332,0.21076305,0.0016666666666666668,-58.308136,0.36874107,3900.0,0.9207074,0.21477,19500.0
196,0.012500000000000002,0.21076196,0.0033333333333333335,-61.521336,0.36874166,3920.0,0.9206973,0.21477337,19600.0
197,0.025000000000000005,0.21076071,0.0008333333333333334,-59.8282,0.36874175,3940.0,0.9206864,0.21477847,19700.0
198,0.004166666666666667,0.21076052,0.0,-59.285877,0.36874387,3960.0,0.9206757,0.21478428,19800.0
199,0.012500000000000002,0.21075965,0.0033333333333333335,-61.814957,0.36874595,3980.0,0.92066497,0.214788,19900.0
200,0.020833333333333332,0.21075861,0.0008333333333333334,-60.7332,0.36874822,4000.0,0.920655,0.21479113,20000.0
201,0.004166666666666667,0.21075754,0.0016666666666666668,-61.009014,0.3687501,4020.0,0.9206446,0.21479218,20100.0
202,0.008333333333333333,0.21075653,0.0008333333333333334,-60.09065,0.3687518,4040.0,0.9206355,0.2147979,20200.0
203,0.012500000000000002,0.21075602,0.0,-59.876095,0.36875448,4060.0,0.9206255,0.21480076,20300.0
204,0.029166666666666664,0.21075477,0.0,-59.863525,0.36875525,4080.0,0.9206154,0.21480574,20400.0
205,0.02916666666666667,0.21075393,0.0008333333333333334,-61.243847,0.36875704,4100.0,0.92060584,0.21480952,20500.0
206,0.020833333333333332,0.21075304,0.0008333333333333334,-59.08226,0.36875883,4120.0,0.9205964,0.21481414,20600.0
207,0.008333333333333333,0.2107525,0.0,-60.322956,0.36876026,4140.0,0.9205868,0.21481948,20700.0
208,0.016666666666666666,0.21075177,0.0008333333333333334,-60.579906,0.36876202,4160.0,0.9205769,0.21482258,20800.0
209,0.020833333333333332,0.2107511,0.0025,-59.74516,0.36876473,4180.0,0.9205683,0.21482702,20900.0
210,0.016666666666666666,0.21075028,0.0,-61.559284,0.3687673,4200.0,0.9205579,0.21483211,21000.0
211,0.008333333333333333,0.21074913,0.0025,-61.598553,0.36876974,4220.0,0.920548,0.21483631,21100.0
212,0.012500000000000002,0.21074848,0.0016666666666666668,-61.249287,0.36877236,4240.0,0.92053777,0.21484335,21200.0
213,0.03333333333333333,0.21074761,0.0016666666666666668,-60.470596,0.36877468,4260.0,0.9205285,0.21485122,21300.0
214,0.004166666666666667,0.21074589,0.0008333333333333334,-59.01781,0.36877713,4280.0,0.92051965,0.2148565,21400.0
215,0.008333333333333333,0.21074522,0.0008333333333333334,-63.33848,0.3687803,4300.0,0.9205115,0.21486126,21500.0
216,0.029166666666666664,0.21074416,0.0025,-59.908947,0.36878332,4320.0,0.92050296,0.21486671,21600.0
217,0.016666666666666666,0.21074314,0.0,-59.747944,0.3687862,4340.0,0.92049426,0.21487387,21700.0
218,0.008333333333333333,0.21074231,0.0008333333333333334,-61.625107,0.3687884,4360.0,0.9204855,0.21487863,21800.0
219,0.004166666666666667,0.21074142,0.0016666666666666668,-60.88264,0.36879095,4380.0,0.9204785,0.21488367,21900.0
220,0.008333333333333333,0.21074025,0.0033333333333333335,-59.194744,0.36879316,4400.0,0.9204714,0.21488953,22000.0
221,0.008333333333333333,0.21073954,0.0033333333333333335,-57.960392,0.36879632,4420.0,0.9204671,0.21489547,22100.0
222,0.012500000000000002,0.21073912,0.0008333333333333334,-60.2848,0.36879882,4440.0,0.92046404,0.21490131,22200.0
223,0.012500000000000002,0.21073811,0.0016666666666666668,-57.032307,0.36880174,4460.0,0.9204604,0.21490492,22300.0
224,0.008333333333333333,0.21073653,0.0,-59.33714,0.36880472,4480.0,0.9204586,0.21491002,22400.0
225,0.004166666666666667,0.21073456,0.0016666666666666668,-56.68564,0.36880758,4500.0,0.9204561,0.21491589,22500.0
226,0.008333333333333333,0.21073328,0.0,-55.827587,0.36881033,4520.0,0.9204529,0.21492164,22600.0
227,0.029166666666666664,0.2107327,0.0,-56.14809,0.36881348,4540.0,0.9204493,0.21492858,22700.0
228,0.008333333333333333,0.2107315,0.0016666666666666668,-59.043255,0.368816,4560.0,0.9204457,0.2149369,22800.0
229,0.004166666666666667,0.21073051,0.0,-59.66863,0.36881873,4580.0,0.9204412,0.21494414,22900.0
230,0.025000000000000005,0.21072955,0.0008333333333333334,-56.81502,0.36882147,4600.0,0.9204373,0.21494953,23000.0
231,0.016666666666666666,0.21072944,0.0,-57.249104,0.36882505,4620.0,0.92043287,0.2149533,23100.0
232,0.03333333333333333,0.21072884,0.0008333333333333334,-55.957966,0.36882785,4640.0,0.920428,0.2149566,23200.0
233,0.020833333333333332,0.21072884,0.0025,-58.809795,0.3688307,4660.0,0.9204219,0.21496157,23300.0
234,0.02916666666666667,0.21072854,0.0008333333333333334,-55.911884,0.36883357,4680.0,0.9204156,0.21496733,23400.0
235,0.008333333333333333,0.21072797,0.0016666666666666668,-56.621716,0.36883727,4700.0,0.9204084,0.21496929,23500.0
236,0.012500000000000002,0.21072781,0.0016666666666666668,-59.08462,0.36883947,4720.0,0.92040044,0.21497513,23600.0
237,0.008333333333333333,0.21072729,0.004166666666666667,-56.252666,0.36884084,4740.0,0.92039293,0.21497853,23700.0
238,0.008333333333333333,0.21072693,0.0008333333333333334,-54.987698,0.36884287,4760.0,0.9203828,0.21498151,23800.0
239,0.016666666666666666,0.21072643,0.0,-56.687817,0.3688456,4780.0,0.92037463,0.21498598,23900.0
240,0.008333333333333333,0.21072608,0.0025,-56.868298,0.36884823,4800.0,0.92036575,0.21498881,24000.0
241,0.020833333333333332,0.21072517,0.0033333333333333335,-55.21127,0.36885056,4820.0,0.9203566,0.21499123,24100.0
242,0.024999999999999998,0.2107249,0.0025,-59.024307,0.36885372,4840.0,0.92034763,0.21499538,24200.0
243,0.012500000000000002,0.210725,0.0016666666666666668,-56.86325,0.36885604,4860.0,0.9203377,0.21500035,24300.0
244,0.008333333333333333,0.21072458,0.0008333333333333334,-57.501675,0.36885795,4880.0,0.92032796,0.21500616,24400.0
245,0.0,0.21072412,0.0016666666666666668,-57.173542,0.3688592,4900.0,0.9203193,0.21501084,24500.0
246,0.008333333333333333,0.21072356,0.0016666666666666668,-57.800236,0.3688607,4920.0,0.9203097,0.21501578,24600.0
247,0.03333333333333333,0.21072324,0.0025,-57.016003,0.36886334,4940.0,0.92029935,0.2150205,24700.0
248,0.02916666666666667,0.21072312,0.0008333333333333334,-57.144806,0.3688663,4960.0,0.92028874,0.21502538,24800.0
249,0.016666666666666666,0.21072249,0.0016666666666666668,-58.334698,0.36886856,4980.0,0.920278,0.21503146,24900.0
250,0.004166666666666667,0.21072207,0.0025,-58.826366,0.36887097,5000.0,0.9202678,0.21503754,25000.0
251,0.020833333333333332,0.21072133,0.0008333333333333334,-59.915165,0.36887297,5020.0,0.92025715,0.21504486,25100.0
252,0.012500000000000002,0.21072088,0.0008333333333333334,-57.09944,0.36887583,5040.0,0.92024636,0.21504886,25200.0
253,0.012500000000000002,0.21072024,0.0,-58.52522,0.3688794,5060.0,0.9202359,0.21505274,25300.0
254,0.020833333333333332,0.2107196,0.0008333333333333334,-57.45427,0.3688821,5080.0,0.92022496,0.21505769,25400.0
255,0.020833333333333332,0.21071954,0.0008333333333333334,-60.269062,0.36888447,5100.0,0.9202146,0.21506254,25500.0
256,0.008333333333333333,0.21071881,0.0008333333333333334,-59.35432,0.36888814,5120.0,0.9202035,0.21506773,25600.0
257,0.004166666666666667,0.21071889,0.0,-59.54099,0.36889133,5140.0,0.9201925,0.2150728,25700.0
258,0.016666666666666666,0.21071857,0.0008333333333333334,-58.1971,0.36889362,5160.0,0.9201824,0.2150781,25800.0
259,0.016666666666666666,0.21071862,0.0016666666666666668,-58.43626,0.36889568,5180.0,0.920172,0.21508439,25900.0
260,0.008333333333333333,0.21071833,0.0016666666666666668,-59.593052,0.3688983,5200.0,0.92016155,0.21508808,26000.0
261,0.0,0.21071808,0.0008333333333333334,-59.094395,0.36889997,5220.0,0.92015094,0.21509254,26100.0
262,0.008333333333333333,0.21071891,0.0025,-59.23999,0.3689027,5240.0,0.92013973,0.21509789,26200.0
263,0.020833333333333332,0.21071965,0.0008333333333333334,-57.052303,0.36890468,5260.0,0.9201279,0.2151018,26300.0
264,0.012500000000000002,0.21071954,0.0016666666666666668,-57.212494,0.36890697,5280.0,0.9201174,0.21510942,26400.0
265,0.012500000000000002,0.21071915,0.0016666666666666668,-59.65955,0.3689085,5300.0,0.9201067,0.21511622,26500.0
266,0.016666666666666666,0.21071891,0.0016666666666666668,-58.11151,0.3689107,5320.0,0.92009526,0.21511996,26600.0
267,0.016666666666666666,0.21071877,0.0016666666666666668,-60.020016,0.36891326,5340.0,0.9200843,0.21512575,26700.0
268,0.020833333333333332,0.21071859,0.0008333333333333334,-59.93957,0.3689158,5360.0,0.9200733,0.21513085,26800.0
269,0.016666666666666666,0.2107181,0.0,-59.43516,0.36891857,5380.0,0.92006207,0.21513438,26900.0
270,0.020833333333333332,0.21071713,0.0033333333333333335,-58.860626,0.36892107,5400.0,0.92005104,0.21513768,27000.0
271,0.008333333333333333,0.21071607,0.004166666666666667,-61.949524,0.36892366,5420.0,0.9200409,0.2151436,27100.0
272,0.025000000000000005,0.21071585,0.0025,-59.379223,0.36892584,5440.0,0.9200317,0.21514869,27200.0
273,0.008333333333333333,0.21071579,0.0008333333333333334,-59.00999,0.36892876,5460.0,0.92002016,0.2151538,27300.0
274,0.025000000000000005,0.21071519,0.0,-60.186535,0.36893138,5480.0,0.92000896,0.21515714,27400.0
275,0.012500000000000002,0.21071412,0.0008333333333333334,-60.423008,0.36893478,5500.0,0.91999847,0.21516304,27500.0
276,0.012500000000000002,0.21071391,0.004166666666666667,-61.40804,0.36893728,5520.0,0.91998845,0.2151678,27600.0
277,0.012500000000000002,0.21071322,0.0025,-60.768993,0.3689395,5540.0,0.91997814,0.21517263,27700.0
278,0.012500000000000002,0.21071227,0.0016666666666666668,-58.481388,0.3689421,5560.0,0.91996807,0.21517794,27800.0
279,0.016666666666666666,0.21071203,0.0016666666666666668,-58.604443,0.3689445,5580.0,0.919957,0.21518166,27900.0
280,0.012500000000000002,0.21071203,0.0008333333333333334,-59.801083,0.3689479,5600.0,0.91994685,0.21518458,28000.0
281,0.016666666666666666,0.21071099,0.0016666666666666668,-59.74468,0.3689514,5620.0,0.9199374,0.21519087,28100.0
282,0.004166666666666667,0.21071023,0.0008333333333333334,-60.624348,0.36895397,5640.0,0.9199271,0.2151962,28200.0
283,0.020833333333333332,0.21070923,0.0008333333333333334,-59.69517,0.36895677,5660.0,0.9199167,0.2152009,28300.0
284,0.02916666666666667,0.2107085,0.0025,-59.988476,0.36896,5680.0,0.91990733,0.21520539,28400.0
285,0.012500000000000002,0.21070816,0.0008333333333333334,-59.423553,0.36896303,5700.0,0.9198963,0.21520865,28500.0
286,0.020833333333333332,0.21070689,0.0008333333333333334,-60.4315,0.36896625,5720.0,0.91988707,0.21521126,28600.0
287,0.020833333333333332,0.2107064,0.0033333333333333335,-57.66525,0.3689687,5740.0,0.9198773,0.2152168,28700.0
288,0.008333333333333333,0.21070574,0.0016666666666666668,-61.79547,0.36897135,5760.0,0.9198683,0.21522124,28800.0
289,0.008333333333333333,0.21070392,0.0025,-60.251614,0.36897358,5780.0,0.9198591,0.21522976,28900.0
290,0.008333333333333333,0.21070313,0.0033333333333333335,-58.83256,0.3689756,5800.0,0.9198491,0.215236,29000.0
291,0.016666666666666666,0.2107024,0.0016666666666666668,-59.98418,0.36897817,5820.0,0.9198386,0.21524186,29100.0
292,0.020833333333333332,0.21070193,0.0008333333333333334,-57.807026,0.36898255,5840.0,0.9198286,0.21524544,29200.0
293,0.008333333333333333,0.21070091,0.0008333333333333334,-61.3427,0.36898527,5860.0,0.91981846,0.21525048,29300.0
294,0.0,0.21070021,0.0033333333333333335,-61.28436,0.36898908,5880.0,0.9198079,0.21525387,29400.0
295,0.012500000000000002,0.21069974,0.0016666666666666668,-59.825634,0.36899188,5900.0,0.9197972,0.21525781,29500.0
296,0.004166666666666667,0.21069868,0.0025,-60.672455,0.36899424,5920.0,0.91978675,0.2152615,29600.0
297,0.012500000000000002,0.21069777,0.0008333333333333334,-61.6897,0.36899695,5940.0,0.9197771,0.21526386,29700.0
298,0.016666666666666666,0.21069747,0.0,-60.851597,0.36899957,5960.0,0.91976744,0.21526647,29800.0
299,0.016666666666666666,0.2106974,0.0016666666666666668,-60.298023,0.36900344,5980.0,0.91975784,0.21527028,29900.0
300,0.020833333333333332,0.21069652,0.0033333333333333335,-61.015003,0.36900678,6000.0,0.9197491,0.21527587,30000.0
301,0.012500000000000002,0.21069627,0.0,-62.8649,0.36901036,6020.0,0.91974026,0.21527922,30100.0
302,0.012500000000000002,0.21069562,0.0008333333333333334,-61.00218,0.3690137,6040.0,0.9197326,0.21528454,30200.0
303,0.004166666666666667,0.21069558,0.0016666666666666668,-61.05505,0.36901733,6060.0,0.91972655,0.21529005,30300.0
304,0.025000000000000005,0.21069527,0.004166666666666667,-60.36934,0.36902002,6080.0,0.9197204,0.21529551,30400.0
305,0.004166666666666667,0.21069486,0.0016666666666666668,-59.709248,0.3690221,6100.0,0.9197157,0.2152979,30500.0
306,0.004166666666666667,0.21069537,0.0008333333333333334,-60.275776,0.36902514,6120.0,0.91971326,0.21530391,30600.0
307,0.012500000000000002,0.21069543,0.0025,-60.84854,0.36902776,6140.0,0.91971093,0.21530843,30700.0
308,0.008333333333333333,0.2106957,0.0016666666666666668,-60.58624,0.3690296,6160.0,0.9197083,0.21531315,30800.0
309,0.008333333333333333,0.21069615,0.004166666666666667,-56.807858,0.36903265,6180.0,0.919705,0.21531737,30900.0
310,0.024999999999999998,0.21069635,0.0025,-58.886215,0.36903486,6200.0,0.9197021,0.2153212,31000.0
311,0.020833333333333332,0.21069622,0.0,-58.592632,0.36903724,6220.0,0.91969854,0.21532564,31100.0
312,0.008333333333333333,0.21069582,0.004166666666666667,-58.56303,0.3690386,6240.0,0.9196959,0.21532945,31200.0
313,0.0,0.21069492,0.0008333333333333334,-59.048695,0.36904153,6260.0,0.91969275,0.21533285,31300.0
314,0.012500000000000002,0.21069463,0.0008333333333333334,-57.185528,0.3690441,6280.0,0.919689,0.21533592,31400.0
315,0.008333333333333333,0.2106943,0.0033333333333333335,-57.458206,0.3690466,6300.0,0.91968507,0.21533848,31500.0
316,0.004166666666666667,0.21069443,0.0008333333333333334,-57.836163,0.36904836,6320.0,0.91968006,0.21534292,31600.0
317,0.012500000000000002,0.21069424,0.0008333333333333334,-58.793575,0.3690509,6340.0,0.9196752,0.21534695,31700.0
318,0.016666666666666666,0.21069436,0.0033333333333333335,-56.82485,0.36905313,6360.0,0.91966844,0.21535254,31800.0
319,0.016666666666666666,0.21069364,0.0025,-58.76115,0.3690546,6380.0,0.9196618,0.21535535,31900.0
320,0.024999999999999998,0.21069328,0.0025,-57.06015,0.36905774,6400.0,0.9196558,0.21535818,32000.0
321,0.016666666666666666,0.21069308,0.0025,-59.22447,0.36906004,6420.0,0.91964823,0.21536164,32100.0
322,0.016666666666666666,0.21069281,0.0008333333333333334,-57.022903,0.3690625,6440.0,0.91964024,0.21536629,32200.0
323,0.012500000000000002,0.21069221,0.0,-58.98155,0.3690653,6460.0,0.9196318,0.21536992,32300.0
324,0.029166666666666664,0.21069153,0.0016666666666666668,-56.679516,0.36906838,6480.0,0.91962343,0.21537225,32400.0
325,0.0,0.21069057,0.0008333333333333334,-58.575653,0.36907005,6500.0,0.9196146,0.21537702,32500.0
326,0.016666666666666666,0.21068947,0.0016666666666666668,-60.18805,0.36907312,6520.0,0.9196066,0.21538101,32600.0
327,0.020833333333333332,0.21068875,0.0016666666666666668,-58.772568,0.36907545,6540.0,0.9195985,0.21538456,32700.0
328,0.020833333333333332,0.21068734,0.0008333333333333334,-60.771893,0.3690777,6560.0,0.919591,0.2153877,32800.0
329,0.012500000000000002,0.21068722,0.0008333333333333334,-59.116016,0.36907992,6580.0,0.9195836,0.21539311,32900.0
330,0.0,0.21068637,0.0,-61.631115,0.36908284,6600.0,0.9195754,0.21539712,33000.0
331,0.0,0.21068573,0.0025,-61.12324,0.36908555,6620.0,0.9195687,0.21540117,33100.0
332,0.02916666666666667,0.21068501,0.0008333333333333334,-58.17622,0.3690885,6640.0,0.9195621,0.21540342,33200.0
333,0.008333333333333333,0.21068467,0.0008333333333333334,-59.86907,0.36909094,6660.0,0.91955584,0.2154092,33300.0
334,0.008333333333333333,0.21068339,0.0025,-56.736706,0.3690932,6680.0,0.9195497,0.21541433,33400.0
335,0.008333333333333333,0.21068214,0.0033333333333333335,-59.379696,0.36909452,6700.0,0.9195449,0.21542037,33500.0
336,0.03333333333333333,0.21068043,0.0016666666666666668,-57.02632,0.36909595,6720.0,0.91954213,0.21542634,33600.0
337,0.016666666666666666,0.21067806,0.0,-56.20752,0.36909547,6740.0,0.9195395,0.2154318,33700.0
338,0.012500000000000002,0.21067518,0.0016666666666666668,-57.711643,0.36909613,6760.0,0.9195366,0.21543781,33800.0
339,0.004166666666666667,0.21067207,0.0008333333333333334,-57.070637,0.36909667,6780.0,0.9195339,0.21544492,33900.0
340,0.008333333333333333,0.2106706,0.0016666666666666668,-57.351078,0.3690963,6800.0,0.91953045,0.21544997,34000.0
341,0.016666666666666666,0.2106694,0.0016666666666666668,-54.397823,0.36909744,6820.0,0.91952723,0.2154568,34100.0
342,0.004166666666666667,0.21066827,0.0025,-56.786755,0.36909804,6840.0,0.9195244,0.21546419,34200.0
343,0.008333333333333333,0.21066701,0.0025,-55.73125,0.36909923,6860.0,0.91951925,0.21547075,34300.0
344,0.012500000000000002,0.21066552,0.0,-56.322674,0.3691,6880.0,0.91951436,0.21547864,34400.0
345,0.020833333333333332,0.21066482,0.0016666666666666668,-57.656403,0.36910138,6900.0,0.9195089,0.2154855,34500.0
346,0.012500000000000002,0.21066344,0.0008333333333333334,-56.747726,0.36910173,6920.0,0.91950303,0.215492,34600.0
347,0.016666666666666666,0.21066238,0.0016666666666666668,-57.884975,0.3691032,6940.0,0.91949576,0.21550031,34700.0
348,0.012500000000000002,0.21066137,0.0025,-56.341644,0.3691052,6960.0,0.91948915,0.2155066,34800.0
349,0.008333333333333333,0.21066077,0.0,-57.038258,0.3691071,6980.0,0.91948247,0.21551315,34900.0
350,0.020833333333333332,0.21066023,0.0016666666666666668,-57.974384,0.369109,7000.0,0.9194749,0.21551995,35000.0
351,0.012500000000000002,0.21065976,0.0008333333333333334,-56.181194,0.3691117,7020.0,0.9194673,0.21552546,35100.0
